,team,opp,game_date,week_num,home_game,pass_cmp,pass_att,pass_cmp_perc,pass_yds,pass_td,pass_int,pass_sacked,pass_yds_per_att,rush_att,rush_yds,rush_yds_per_att,rush_td,fumbles
0,ARI,DET,2017-09-10,1,False,29.0,41.0,70.7,292.0,4.0,1.0,1.0,7.12,26.0,72.0,3,0.0,0.0
1,ARI,IND,2017-09-17,2,False,20.0,37.0,54.1,216.0,0.0,1.0,4.0,5.84,29.0,76.0,2,1.0,2.0
2,ARI,DAL,2017-09-25,3,True,13.0,18.0,72.2,183.0,2.0,0.0,1.0,10.17,26.0,99.0,4,2.0,0.0
3,ARI,SF,2017-10-01,4,True,24.0,49.0,49.0,234.0,0.0,1.0,3.0,4.78,27.0,95.0,3,0.0,1.0
4,ARI,PHI,2017-10-08,5,False,21.0,30.0,70.0,304.0,4.0,1.0,1.0,10.13,33.0,122.0,3,0.0,0.0
5,ARI,TB,2017-10-15,6,True,27.0,42.0,64.3,351.0,3.0,2.0,2.0,8.36,21.0,68.0,3,1.0,0.0
6,ARI,LAR,2017-10-22,7,False,22.0,37.0,59.5,235.0,1.0,1.0,1.0,6.35,40.0,197.0,5,2.0,0.0
7,ARI,SF,2017-11-05,9,False,24.0,51.0,47.1,294.0,0.0,1.0,5.0,5.76,17.0,63.0,3,1.0,1.0
8,ARI,SEA,2017-11-09,10,True,22.0,32.0,68.8,238.0,2.0,0.0,5.0,7.44,23.0,75.0,3,0.0,1.0
9,ARI,HOU,2017-11-19,11,False,22.0,32.0,68.8,230.0,2.0,1.0,1.0,7.19,34.0,134.0,4,2.0,4.0
10,ARI,JAX,2017-11-26,12,True,19.0,33.0,57.6,160.0,0.0,1.0,3.0,4.85,22.0,91.0,4,2.0,3.0
11,ARI,LAR,2017-12-03,13,True,21.0,31.0,67.7,220.0,2.0,1.0,1.0,7.1,24.0,90.0,3,0.0,1.0
12,ARI,TEN,2017-12-10,14,True,16.0,31.0,51.6,159.0,0.0,2.0,3.0,5.13,22.0,65.0,3,1.0,0.0
13,ARI,WSH,2017-12-17,15,False,18.0,26.0,69.2,196.0,2.0,0.0,1.0,7.54,20.0,31.0,1,0.0,1.0
14,ARI,NYG,2017-12-24,16,True,27.0,45.0,60.0,263.0,0.0,2.0,2.0,5.84,20.0,43.0,2,0.0,2.0
15,ARI,SEA,2017-12-31,17,False,18.0,29.0,62.1,221.0,2.0,0.0,3.0,7.62,22.0,101.0,4,0.0,2.0
16,ATL,CHI,2017-09-10,1,False,26.0,40.0,65.0,213.0,1.0,0.0,4.0,5.33,19.0,125.0,6,1.0,2.0
17,ATL,GB,2017-09-17,2,True,33.0,50.0,66.0,343.0,2.0,1.0,3.0,6.86,5.0,24.0,3,0.0,1.0
18,ATL,DET,2017-09-24,3,False,25.0,45.0,55.6,264.0,1.0,0.0,2.0,5.87,19.0,71.0,3,0.0,0.0
19,ATL,BUF,2017-10-01,4,True,12.0,20.0,60.0,182.0,1.0,0.0,3.0,9.1,36.0,117.0,3,0.0,1.0
20,ATL,MIA,2017-10-15,6,True,19.0,33.0,57.6,151.0,2.0,1.0,0.0,4.58,31.0,138.0,4,0.0,0.0
21,ATL,NE,2017-10-22,7,False,21.0,29.0,72.4,249.0,2.0,0.0,2.0,8.59,36.0,162.0,4,0.0,1.0
22,ATL,NYJ,2017-10-29,8,False,26.0,33.0,78.8,257.0,2.0,0.0,3.0,7.79,21.0,43.0,2,0.0,3.0
23,ATL,CAR,2017-11-05,9,False,13.0,24.0,54.2,137.0,0.0,0.0,1.0,5.71,38.0,201.0,5,2.0,3.0
24,ATL,DAL,2017-11-12,10,True,20.0,30.0,66.7,176.0,0.0,0.0,8.0,5.87,21.0,107.0,5,1.0,2.0
25,ATL,SEA,2017-11-20,11,False,26.0,42.0,61.9,258.0,2.0,1.0,3.0,6.14,23.0,136.0,5,1.0,1.0
26,ATL,TB,2017-11-26,12,True,27.0,44.0,61.4,283.0,0.0,0.0,1.0,6.43,23.0,94.0,4,2.0,0.0
27,ATL,MIN,2017-12-03,13,True,25.0,30.0,83.3,227.0,2.0,0.0,2.0,7.57,31.0,105.0,3,0.0,0.0
28,ATL,NO,2017-12-07,14,True,26.0,35.0,74.3,271.0,2.0,1.0,2.0,7.74,15.0,50.0,3,0.0,0.0
29,ATL,TB,2017-12-18,15,False,27.0,35.0,77.1,299.0,3.0,0.0,2.0,8.54,18.0,84.0,4,0.0,2.0
30,ATL,NO,2017-12-24,16,False,21.0,28.0,75.0,239.0,1.0,1.0,1.0,8.54,31.0,86.0,3,1.0,1.0
31,ATL,CAR,2017-12-31,17,True,14.0,34.0,41.2,180.0,1.0,3.0,2.0,5.29,24.0,87.0,3,0.0,2.0
32,BAL,CIN,2017-09-10,1,False,16.0,31.0,51.6,170.0,0.0,4.0,5.0,5.48,22.0,77.0,3,0.0,1.0
33,BAL,CLE,2017-09-17,2,True,20.0,42.0,47.6,300.0,1.0,4.0,3.0,7.14,21.0,93.0,4,0.0,1.0
34,BAL,JAX,2017-09-24,3,False,20.0,33.0,60.6,244.0,4.0,0.0,0.0,7.39,35.0,166.0,4,1.0,0.0
35,BAL,PIT,2017-10-01,4,True,18.0,30.0,60.0,216.0,1.0,1.0,1.0,7.2,42.0,173.0,4,2.0,1.0
36,BAL,LV,2017-10-08,5,False,13.0,26.0,50.0,159.0,1.0,0.0,3.0,6.12,25.0,108.0,4,1.0,1.0
37,BAL,CHI,2017-10-15,6,True,9.0,17.0,52.9,134.0,2.0,0.0,4.0,7.88,54.0,231.0,4,0.0,3.0
38,BAL,MIN,2017-10-22,7,False,20.0,31.0,64.5,188.0,0.0,1.0,0.0,6.06,33.0,169.0,5,1.0,0.0
39,BAL,MIA,2017-10-26,8,True,25.0,44.0,56.8,176.0,0.0,2.0,3.0,4.0,19.0,45.0,2,0.0,0.0
40,BAL,TEN,2017-11-05,9,False,19.0,28.0,67.9,218.0,2.0,1.0,3.0,7.79,20.0,51.0,2,1.0,0.0
41,BAL,GB,2017-11-19,11,False,21.0,36.0,58.3,239.0,0.0,3.0,6.0,6.64,25.0,75.0,3,0.0,4.0
42,BAL,HOU,2017-11-27,12,True,22.0,37.0,59.5,252.0,0.0,2.0,2.0,6.81,25.0,66.0,2,1.0,2.0
43,BAL,DET,2017-12-03,13,True,27.0,34.0,79.4,316.0,1.0,2.0,3.0,9.29,24.0,78.0,3,2.0,2.0
44,BAL,PIT,2017-12-10,14,False,44.0,66.0,66.7,506.0,2.0,0.0,3.0,7.67,16.0,59.0,3,2.0,1.0
45,BAL,CLE,2017-12-17,15,False,20.0,37.0,54.1,146.0,0.0,2.0,2.0,3.95,19.0,130.0,6,1.0,2.0
46,BAL,IND,2017-12-23,16,True,16.0,33.0,48.5,215.0,1.0,0.0,2.0,6.52,24.0,93.0,4,0.0,0.0
47,BAL,CIN,2017-12-31,17,True,23.0,44.0,52.3,222.0,3.0,0.0,1.0,5.05,30.0,146.0,5,0.0,1.0
48,BUF,NYJ,2017-09-10,1,True,26.0,39.0,66.7,187.0,0.0,2.0,1.0,4.79,15.0,38.0,2,1.0,2.0
49,BUF,CAR,2017-09-17,2,False,20.0,32.0,62.5,228.0,0.0,0.0,6.0,7.12,28.0,77.0,3,0.0,0.0
50,BUF,DEN,2017-09-24,3,True,24.0,40.0,60.0,259.0,0.0,2.0,3.0,6.47,23.0,111.0,4,1.0,1.0
51,BUF,ATL,2017-10-01,4,False,24.0,42.0,57.1,242.0,1.0,2.0,1.0,5.76,29.0,147.0,5,1.0,3.0
52,BUF,CIN,2017-10-08,5,False,22.0,36.0,61.1,328.0,1.0,2.0,1.0,9.11,27.0,65.0,2,1.0,2.0
53,BUF,TB,2017-10-22,7,True,32.0,44.0,72.7,384.0,3.0,1.0,1.0,8.73,25.0,69.0,3,0.0,6.0
54,BUF,LV,2017-10-29,8,True,31.0,49.0,63.3,313.0,1.0,2.0,0.0,6.39,14.0,54.0,3,1.0,4.0
55,BUF,NYJ,2017-11-02,9,False,14.0,20.0,70.0,140.0,1.0,0.0,1.0,7.0,41.0,194.0,5,3.0,0.0
56,BUF,NO,2017-11-12,10,True,18.0,25.0,72.0,184.0,0.0,0.0,0.0,7.36,48.0,298.0,6,6.0,1.0
57,BUF,LAC,2017-11-19,11,False,25.0,37.0,67.6,284.0,2.0,0.0,1.0,7.68,35.0,146.0,4,2.0,1.0
58,BUF,KC,2017-11-26,12,False,23.0,36.0,63.9,199.0,1.0,1.0,2.0,5.53,19.0,55.0,3,0.0,0.0
59,BUF,NE,2017-12-03,13,True,21.0,30.0,70.0,258.0,0.0,1.0,3.0,8.6,35.0,191.0,5,2.0,0.0
60,BUF,IND,2017-12-10,14,True,11.0,22.0,50.0,69.0,1.0,0.0,1.0,3.14,46.0,163.0,3,0.0,0.0
61,BUF,MIA,2017-12-17,15,True,28.0,49.0,57.1,274.0,0.0,3.0,3.0,5.59,21.0,100.0,4,1.0,4.0
62,BUF,NE,2017-12-24,16,False,21.0,28.0,75.0,224.0,2.0,1.0,2.0,8.0,38.0,193.0,5,2.0,0.0
63,BUF,MIA,2017-12-31,17,False,30.0,44.0,68.2,271.0,1.0,1.0,1.0,6.16,22.0,93.0,4,1.0,1.0
64,CAR,SF,2017-09-10,1,False,24.0,35.0,68.6,193.0,0.0,1.0,4.0,5.51,15.0,51.0,3,0.0,1.0
65,CAR,BUF,2017-09-17,2,True,17.0,25.0,68.0,125.0,0.0,0.0,3.0,5.0,23.0,69.0,3,0.0,2.0
66,CAR,NO,2017-09-24,3,True,22.0,29.0,75.9,220.0,3.0,0.0,1.0,7.59,27.0,149.0,5,1.0,0.0
67,CAR,NE,2017-10-01,4,False,32.0,45.0,71.1,307.0,2.0,0.0,3.0,6.82,19.0,80.0,4,1.0,0.0
68,CAR,DET,2017-10-08,5,False,23.0,35.0,65.7,229.0,2.0,0.0,6.0,6.54,15.0,50.0,3,1.0,2.0
69,CAR,PHI,2017-10-12,6,True,16.0,30.0,53.3,222.0,3.0,0.0,3.0,7.4,27.0,101.0,3,0.0,2.0
70,CAR,CHI,2017-10-22,7,False,4.0,7.0,57.1,107.0,0.0,0.0,4.0,15.29,26.0,68.0,2,0.0,0.0
71,CAR,TB,2017-10-29,8,False,21.0,38.0,55.3,210.0,0.0,2.0,3.0,5.53,22.0,85.0,4,0.0,1.0
72,CAR,ATL,2017-11-05,9,True,24.0,38.0,63.2,313.0,2.0,1.0,2.0,8.24,18.0,53.0,3,0.0,1.0
73,CAR,MIA,2017-11-13,10,True,22.0,37.0,59.5,213.0,2.0,1.0,0.0,5.76,17.0,100.0,5,1.0,0.0
74,CAR,NYJ,2017-11-26,12,False,19.0,36.0,52.8,307.0,3.0,0.0,3.0,8.53,26.0,109.0,4,0.0,2.0
75,CAR,NO,2017-12-03,13,False,25.0,34.0,73.5,269.0,1.0,0.0,2.0,7.91,28.0,148.0,5,3.0,1.0
76,CAR,MIN,2017-12-10,14,True,27.0,44.0,61.4,280.0,2.0,2.0,6.0,6.36,21.0,100.0,4,0.0,1.0
77,CAR,GB,2017-12-17,15,True,26.0,45.0,57.8,290.0,3.0,3.0,3.0,6.44,19.0,120.0,6,0.0,1.0
78,CAR,TB,2017-12-24,16,True,21.0,27.0,77.8,367.0,1.0,0.0,6.0,13.59,24.0,66.0,3,0.0,3.0
79,CAR,ATL,2017-12-31,17,False,28.0,45.0,62.2,317.0,1.0,0.0,1.0,7.04,26.0,60.0,2,0.0,1.0
80,CHI,ATL,2017-09-10,1,True,21.0,30.0,70.0,321.0,1.0,0.0,2.0,10.7,23.0,64.0,3,1.0,0.0
81,CHI,TB,2017-09-17,2,False,18.0,31.0,58.1,204.0,1.0,0.0,2.0,6.58,34.0,117.0,3,1.0,1.0
82,CHI,PIT,2017-09-24,3,True,22.0,39.0,56.4,235.0,1.0,0.0,3.0,6.03,17.0,70.0,4,1.0,2.0
83,CHI,GB,2017-09-28,4,False,19.0,27.0,70.4,179.0,4.0,0.0,2.0,6.63,19.0,63.0,3,1.0,0.0
84,CHI,MIN,2017-10-09,5,True,22.0,32.0,68.8,176.0,1.0,0.0,4.0,5.5,31.0,159.0,5,1.0,1.0
85,CHI,BAL,2017-10-15,6,False,24.0,41.0,58.5,180.0,0.0,2.0,3.0,4.39,26.0,125.0,4,0.0,1.0
86,CHI,CAR,2017-10-22,7,True,21.0,34.0,61.8,211.0,0.0,2.0,5.0,6.21,30.0,108.0,3,0.0,1.0
87,CHI,NO,2017-10-29,8,False,23.0,28.0,82.1,299.0,0.0,0.0,2.0,10.68,30.0,101.0,3,2.0,2.0
88,CHI,GB,2017-11-12,10,True,18.0,25.0,72.0,212.0,1.0,0.0,3.0,8.48,31.0,106.0,3,0.0,0.0
89,CHI,DET,2017-11-19,11,True,21.0,31.0,67.7,299.0,2.0,0.0,3.0,9.65,23.0,60.0,2,0.0,1.0
90,CHI,PHI,2017-11-26,12,False,26.0,39.0,66.7,248.0,3.0,0.0,1.0,6.36,33.0,176.0,5,0.0,3.0
91,CHI,SF,2017-12-03,13,True,26.0,37.0,70.3,293.0,0.0,1.0,2.0,7.92,34.0,110.0,3,0.0,1.0
92,CHI,CIN,2017-12-10,14,False,18.0,37.0,48.6,188.0,1.0,1.0,3.0,5.08,13.0,70.0,5,0.0,1.0
93,CHI,DET,2017-12-16,15,False,25.0,33.0,75.8,237.0,2.0,0.0,4.0,7.18,20.0,91.0,4,0.0,1.0
94,CHI,CLE,2017-12-24,16,True,18.0,36.0,50.0,182.0,0.0,2.0,1.0,5.06,20.0,76.0,3,0.0,1.0
95,CHI,MIN,2017-12-31,17,False,21.0,29.0,72.4,189.0,1.0,0.0,2.0,6.52,36.0,147.0,4,2.0,0.0
96,CIN,BAL,2017-09-10,1,True,9.0,17.0,52.9,121.0,1.0,1.0,1.0,7.12,42.0,157.0,4,1.0,1.0
97,CIN,HOU,2017-09-14,2,True,15.0,24.0,62.5,125.0,0.0,0.0,3.0,5.21,35.0,168.0,5,1.0,0.0
98,CIN,GB,2017-09-24,3,False,28.0,42.0,66.7,313.0,3.0,1.0,6.0,7.45,5.0,29.0,4,0.0,0.0
99,CIN,CLE,2017-10-01,4,False,21.0,42.0,50.0,183.0,0.0,1.0,2.0,4.36,17.0,45.0,2,1.0,0.0
100,CIN,BUF,2017-10-08,5,True,20.0,37.0,54.1,166.0,1.0,1.0,6.0,4.49,24.0,82.0,3,0.0,1.0
101,CIN,PIT,2017-10-22,7,False,14.0,24.0,58.3,224.0,2.0,0.0,0.0,9.33,43.0,152.0,3,0.0,0.0
102,CIN,IND,2017-10-29,8,True,25.0,39.0,64.1,233.0,2.0,1.0,4.0,5.97,28.0,115.0,4,0.0,0.0
103,CIN,JAX,2017-11-05,9,False,24.0,38.0,63.2,259.0,1.0,0.0,0.0,6.82,40.0,149.0,4,0.0,1.0
104,CIN,TEN,2017-11-12,10,False,25.0,44.0,56.8,264.0,1.0,1.0,4.0,6.0,33.0,150.0,4,2.0,1.0
105,CIN,DEN,2017-11-19,11,False,23.0,42.0,54.8,254.0,1.0,1.0,3.0,6.05,34.0,112.0,3,1.0,1.0
106,CIN,CLE,2017-11-26,12,True,18.0,32.0,56.2,268.0,0.0,0.0,4.0,8.38,31.0,169.0,5,1.0,1.0
107,CIN,PIT,2017-12-04,13,True,24.0,40.0,60.0,290.0,2.0,1.0,1.0,7.25,22.0,92.0,4,0.0,0.0
108,CIN,CHI,2017-12-10,14,True,25.0,32.0,78.1,271.0,1.0,0.0,2.0,8.47,38.0,232.0,6,3.0,0.0
109,CIN,MIN,2017-12-17,15,False,20.0,25.0,80.0,236.0,2.0,1.0,2.0,9.44,34.0,124.0,3,1.0,0.0
110,CIN,DET,2017-12-24,16,True,19.0,35.0,54.3,203.0,1.0,1.0,2.0,5.8,22.0,87.0,4,1.0,0.0
111,CIN,BAL,2017-12-31,17,False,25.0,47.0,53.2,203.0,2.0,1.0,1.0,4.32,26.0,118.0,4,1.0,0.0
112,CLE,PIT,2017-09-10,1,True,24.0,36.0,66.7,263.0,2.0,1.0,1.0,7.31,17.0,35.0,2,0.0,1.0
113,CLE,BAL,2017-09-17,2,False,25.0,34.0,73.5,217.0,2.0,1.0,2.0,6.38,32.0,136.0,4,1.0,1.0
114,CLE,IND,2017-09-24,3,False,17.0,24.0,70.8,259.0,1.0,0.0,3.0,10.79,36.0,92.0,2,3.0,1.0
115,CLE,CIN,2017-10-01,4,True,25.0,30.0,83.3,286.0,4.0,0.0,3.0,9.53,30.0,86.0,3,0.0,2.0
116,CLE,NYJ,2017-10-08,5,True,23.0,30.0,76.7,194.0,2.0,1.0,3.0,6.47,18.0,34.0,2,0.0,1.0
117,CLE,HOU,2017-10-15,6,False,17.0,29.0,58.6,225.0,3.0,1.0,1.0,7.76,33.0,123.0,4,0.0,0.0
118,CLE,TEN,2017-10-22,7,True,21.0,34.0,61.8,203.0,0.0,0.0,2.0,5.97,32.0,80.0,2,0.0,1.0
119,CLE,MIN,2017-10-29,8,True,27.0,43.0,62.8,288.0,2.0,1.0,1.0,6.7,34.0,88.0,2,1.0,1.0
120,CLE,DET,2017-11-12,10,False,17.0,26.0,65.4,249.0,3.0,1.0,4.0,9.58,19.0,104.0,5,1.0,0.0
121,CLE,JAX,2017-11-19,11,True,17.0,30.0,56.7,154.0,1.0,0.0,2.0,5.13,44.0,139.0,3,0.0,5.0
122,CLE,CIN,2017-11-26,12,False,18.0,28.0,64.3,214.0,2.0,0.0,1.0,7.64,30.0,152.0,5,1.0,0.0
123,CLE,LAC,2017-12-03,13,False,31.0,43.0,72.1,344.0,1.0,0.0,1.0,8.0,25.0,94.0,3,0.0,2.0
124,CLE,GB,2017-12-10,14,True,35.0,46.0,76.1,265.0,3.0,0.0,1.0,5.76,26.0,78.0,3,1.0,0.0
125,CLE,BAL,2017-12-17,15,True,26.0,42.0,61.9,288.0,1.0,0.0,1.0,6.86,31.0,97.0,3,1.0,0.0
126,CLE,CHI,2017-12-24,16,False,14.0,23.0,60.9,193.0,0.0,0.0,5.0,8.39,31.0,97.0,3,3.0,1.0
127,CLE,PIT,2017-12-31,17,False,23.0,27.0,85.2,239.0,1.0,1.0,3.0,8.85,28.0,124.0,4,2.0,1.0
128,DAL,NYG,2017-09-10,1,True,29.0,38.0,76.3,220.0,0.0,1.0,3.0,5.79,12.0,35.0,2,0.0,1.0
129,DAL,DEN,2017-09-17,2,False,22.0,32.0,68.8,231.0,4.0,1.0,2.0,7.22,39.0,178.0,4,1.0,2.0
130,DAL,ARI,2017-09-25,3,False,29.0,48.0,60.4,325.0,2.0,0.0,6.0,6.77,21.0,49.0,2,0.0,0.0
131,DAL,LAR,2017-10-01,4,True,21.0,36.0,58.3,255.0,2.0,0.0,1.0,7.08,31.0,168.0,5,0.0,1.0
132,DAL,GB,2017-10-08,5,True,19.0,29.0,65.5,221.0,3.0,0.0,4.0,7.62,25.0,160.0,6,1.0,0.0
133,DAL,SF,2017-10-22,7,False,22.0,38.0,57.9,235.0,0.0,0.0,5.0,6.18,22.0,103.0,4,1.0,4.0
134,DAL,WSH,2017-10-29,8,False,26.0,39.0,66.7,263.0,1.0,1.0,4.0,6.74,15.0,49.0,3,1.0,4.0
135,DAL,KC,2017-11-05,9,True,25.0,34.0,73.5,263.0,2.0,1.0,2.0,7.74,19.0,68.0,3,0.0,0.0
136,DAL,ATL,2017-11-12,10,False,22.0,29.0,75.9,215.0,2.0,1.0,1.0,7.41,34.0,132.0,4,1.0,0.0
137,DAL,PHI,2017-11-19,11,True,14.0,27.0,51.9,168.0,2.0,0.0,0.0,6.22,33.0,215.0,6,2.0,0.0
138,DAL,LAC,2017-11-23,12,True,27.0,33.0,81.8,434.0,3.0,0.0,0.0,13.15,33.0,81.0,2,0.0,0.0
139,DAL,WSH,2017-11-30,13,True,26.0,37.0,70.3,251.0,2.0,2.0,4.0,6.78,19.0,56.0,3,0.0,3.0
140,DAL,NYG,2017-12-10,14,False,31.0,46.0,67.4,228.0,1.0,2.0,0.0,4.96,29.0,102.0,3,0.0,1.0
141,DAL,LV,2017-12-17,15,False,21.0,38.0,55.3,171.0,2.0,0.0,0.0,4.5,23.0,122.0,5,0.0,4.0
142,DAL,SEA,2017-12-24,16,True,14.0,21.0,66.7,93.0,2.0,0.0,3.0,4.43,30.0,76.0,2,0.0,1.0
143,DAL,PHI,2017-12-31,17,False,23.0,34.0,67.6,173.0,0.0,1.0,3.0,5.09,18.0,70.0,4,0.0,3.0
144,DEN,LAC,2017-09-11,1,True,22.0,33.0,66.7,192.0,3.0,1.0,1.0,5.82,22.0,64.0,3,0.0,0.0
145,DEN,DAL,2017-09-17,2,True,30.0,50.0,60.0,238.0,2.0,2.0,2.0,4.76,14.0,40.0,2,0.0,0.0
146,DEN,BUF,2017-09-24,3,False,20.0,26.0,76.9,213.0,2.0,0.0,4.0,8.19,33.0,75.0,2,0.0,0.0
147,DEN,LV,2017-10-01,4,True,21.0,35.0,60.0,249.0,1.0,1.0,3.0,7.11,14.0,27.0,2,0.0,0.0
148,DEN,NYG,2017-10-15,6,True,11.0,19.0,57.9,128.0,1.0,0.0,3.0,6.74,32.0,148.0,4,0.0,1.0
149,DEN,LAC,2017-10-22,7,False,15.0,26.0,57.7,183.0,2.0,0.0,3.0,7.04,26.0,80.0,3,0.0,0.0
150,DEN,KC,2017-10-30,8,False,14.0,32.0,43.8,202.0,1.0,1.0,1.0,6.31,26.0,79.0,3,0.0,1.0
151,DEN,PHI,2017-11-05,9,False,16.0,28.0,57.1,234.0,4.0,0.0,2.0,8.36,37.0,197.0,5,3.0,1.0
152,DEN,NE,2017-11-12,10,True,28.0,37.0,75.7,303.0,3.0,0.0,1.0,8.19,29.0,99.0,3,1.0,0.0
153,DEN,CIN,2017-11-19,11,True,15.0,25.0,60.0,154.0,3.0,0.0,2.0,6.16,26.0,49.0,2,0.0,1.0
154,DEN,LV,2017-11-26,12,False,18.0,24.0,75.0,253.0,2.0,0.0,2.0,10.54,37.0,104.0,3,1.0,1.0
155,DEN,MIA,2017-12-03,13,False,18.0,32.0,56.2,235.0,2.0,2.0,2.0,7.34,30.0,145.0,5,1.0,1.0
156,DEN,NYJ,2017-12-10,14,True,8.0,21.0,38.1,60.0,0.0,1.0,4.0,2.86,23.0,59.0,2,0.0,1.0
157,DEN,IND,2017-12-14,15,False,17.0,30.0,56.7,158.0,0.0,0.0,1.0,5.27,22.0,70.0,3,1.0,1.0
158,DEN,WSH,2017-12-24,16,False,19.0,37.0,51.4,299.0,3.0,1.0,0.0,8.08,29.0,87.0,3,0.0,2.0
159,DEN,KC,2017-12-31,17,True,22.0,36.0,61.1,284.0,0.0,1.0,2.0,7.89,27.0,110.0,4,2.0,1.0
160,DET,ARI,2017-09-10,1,True,27.0,48.0,56.2,268.0,1.0,3.0,1.0,5.58,18.0,45.0,2,1.0,2.0
161,DET,NYG,2017-09-18,2,False,22.0,32.0,68.8,239.0,1.0,1.0,5.0,7.47,18.0,62.0,3,0.0,1.0
162,DET,ATL,2017-09-24,3,True,24.0,35.0,68.6,294.0,2.0,3.0,2.0,8.4,28.0,151.0,5,1.0,0.0
163,DET,MIN,2017-10-01,4,False,16.0,30.0,53.3,219.0,0.0,0.0,2.0,7.3,22.0,87.0,4,1.0,3.0
164,DET,CAR,2017-10-08,5,True,26.0,33.0,78.8,355.0,3.0,0.0,3.0,10.76,28.0,28.0,1,0.0,1.0
165,DET,NO,2017-10-15,6,False,20.0,30.0,66.7,186.0,2.0,2.0,0.0,6.2,37.0,193.0,5,2.0,1.0
166,DET,PIT,2017-10-29,8,True,17.0,31.0,54.8,317.0,1.0,1.0,0.0,10.23,29.0,75.0,2,1.0,1.0
167,DET,GB,2017-11-06,9,False,26.0,38.0,68.4,245.0,0.0,0.0,3.0,6.45,12.0,45.0,3,2.0,0.0
168,DET,CLE,2017-11-12,10,True,22.0,40.0,55.0,237.0,1.0,1.0,4.0,5.92,33.0,201.0,6,2.0,1.0
169,DET,CHI,2017-11-19,11,False,18.0,30.0,60.0,179.0,1.0,0.0,1.0,5.97,30.0,222.0,7,2.0,1.0
170,DET,MIN,2017-11-23,12,True,21.0,30.0,70.0,282.0,2.0,0.0,2.0,9.4,41.0,136.0,3,2.0,0.0
171,DET,BAL,2017-12-03,13,False,23.0,36.0,63.9,269.0,2.0,0.0,0.0,7.47,27.0,101.0,3,2.0,1.0
172,DET,TB,2017-12-10,14,False,26.0,38.0,68.4,285.0,2.0,2.0,3.0,7.5,28.0,133.0,4,1.0,3.0
173,DET,CHI,2017-12-16,15,True,31.0,46.0,67.4,314.0,1.0,3.0,2.0,6.83,15.0,43.0,3,0.0,1.0
174,DET,CIN,2017-12-24,16,False,27.0,41.0,65.9,238.0,1.0,1.0,3.0,5.8,34.0,142.0,4,1.0,1.0
175,DET,GB,2017-12-31,17,True,20.0,32.0,62.5,193.0,1.0,2.0,4.0,6.03,27.0,103.0,4,0.0,1.0
176,GB,SEA,2017-09-10,1,True,14.0,27.0,51.9,158.0,0.0,0.0,3.0,5.85,18.0,90.0,4,0.0,1.0
177,GB,ATL,2017-09-17,2,False,19.0,28.0,67.9,252.0,1.0,0.0,3.0,9.0,27.0,141.0,5,2.0,0.0
178,GB,CIN,2017-09-24,3,True,21.0,27.0,77.8,212.0,2.0,0.0,3.0,7.85,30.0,110.0,3,0.0,0.0
179,GB,CHI,2017-09-28,4,True,21.0,33.0,63.6,218.0,1.0,2.0,1.0,6.61,30.0,103.0,3,1.0,2.0
180,GB,DAL,2017-10-08,5,False,25.0,36.0,69.4,251.0,3.0,1.0,1.0,6.97,35.0,163.0,4,1.0,2.0
181,GB,MIN,2017-10-15,6,False,24.0,38.0,63.2,239.0,1.0,1.0,0.0,6.29,32.0,112.0,3,1.0,2.0
182,GB,NO,2017-10-22,7,True,27.0,38.0,71.1,331.0,1.0,2.0,1.0,8.71,36.0,161.0,4,2.0,1.0
183,GB,DET,2017-11-06,9,True,26.0,33.0,78.8,361.0,2.0,0.0,1.0,10.94,32.0,60.0,2,1.0,2.0
184,GB,CHI,2017-11-12,10,False,21.0,35.0,60.0,297.0,1.0,0.0,5.0,8.49,17.0,55.0,3,0.0,1.0
185,GB,BAL,2017-11-19,11,True,22.0,28.0,78.6,183.0,1.0,1.0,3.0,6.54,26.0,58.0,2,1.0,0.0
186,GB,PIT,2017-11-26,12,False,33.0,45.0,73.3,351.0,4.0,2.0,1.0,7.8,24.0,121.0,5,0.0,1.0
187,GB,TB,2017-12-03,13,True,21.0,32.0,65.6,270.0,2.0,0.0,7.0,8.44,35.0,165.0,4,0.0,2.0
188,GB,CLE,2017-12-10,14,False,20.0,28.0,71.4,214.0,3.0,2.0,2.0,7.64,27.0,136.0,5,0.0,1.0
189,GB,CAR,2017-12-17,15,False,20.0,31.0,64.5,242.0,4.0,0.0,1.0,7.81,38.0,151.0,4,0.0,0.0
190,GB,MIN,2017-12-23,16,True,14.0,25.0,56.0,139.0,1.0,0.0,3.0,5.56,33.0,112.0,3,0.0,0.0
191,GB,DET,2017-12-31,17,False,20.0,29.0,69.0,323.0,3.0,0.0,2.0,11.14,23.0,51.0,2,1.0,0.0
192,HOU,JAX,2017-09-10,1,True,11.0,21.0,52.4,125.0,1.0,0.0,0.0,5.95,39.0,155.0,4,1.0,1.0
193,HOU,CIN,2017-09-14,2,False,20.0,35.0,57.1,224.0,0.0,0.0,3.0,6.4,24.0,82.0,3,0.0,1.0
194,HOU,NE,2017-09-24,3,False,25.0,35.0,71.4,378.0,5.0,0.0,5.0,10.8,20.0,59.0,3,0.0,4.0
195,HOU,TEN,2017-10-01,4,True,10.0,20.0,50.0,117.0,0.0,4.0,2.0,5.85,19.0,86.0,4,2.0,1.0
196,HOU,KC,2017-10-08,5,True,29.0,37.0,78.4,324.0,3.0,0.0,1.0,8.76,35.0,127.0,3,0.0,1.0
197,HOU,CLE,2017-10-15,6,True,20.0,37.0,54.1,140.0,1.0,3.0,4.0,3.78,22.0,134.0,6,0.0,1.0
198,HOU,SEA,2017-10-29,8,False,26.0,41.0,63.4,452.0,4.0,1.0,2.0,11.02,21.0,33.0,1,0.0,1.0
199,HOU,IND,2017-11-05,9,True,20.0,30.0,66.7,308.0,2.0,0.0,3.0,10.27,28.0,92.0,3,0.0,1.0
200,HOU,LAR,2017-11-12,10,False,25.0,37.0,67.6,355.0,3.0,0.0,3.0,9.59,25.0,104.0,4,0.0,0.0
201,HOU,ARI,2017-11-19,11,True,22.0,34.0,64.7,257.0,3.0,2.0,2.0,7.56,18.0,48.0,2,0.0,1.0
202,HOU,BAL,2017-11-27,12,False,20.0,32.0,62.5,141.0,0.0,0.0,1.0,4.41,31.0,139.0,4,2.0,0.0
203,HOU,TEN,2017-12-03,13,False,15.0,23.0,65.2,150.0,1.0,0.0,2.0,6.52,25.0,198.0,7,2.0,1.0
204,HOU,SF,2017-12-10,14,True,20.0,33.0,60.6,334.0,1.0,1.0,2.0,10.12,31.0,102.0,3,1.0,0.0
205,HOU,JAX,2017-12-17,15,False,21.0,29.0,72.4,326.0,3.0,0.0,1.0,11.24,38.0,138.0,3,3.0,0.0
206,HOU,PIT,2017-12-25,16,True,20.0,30.0,66.7,226.0,2.0,0.0,0.0,7.53,28.0,104.0,3,2.0,0.0
207,HOU,IND,2017-12-31,17,False,15.0,25.0,60.0,114.0,1.0,0.0,1.0,4.56,36.0,146.0,4,1.0,0.0
208,IND,LAR,2017-09-10,1,False,22.0,30.0,73.3,318.0,1.0,0.0,1.0,10.6,33.0,63.0,2,2.0,2.0
209,IND,ARI,2017-09-17,2,True,19.0,36.0,52.8,332.0,1.0,1.0,4.0,9.22,25.0,83.0,3,0.0,1.0
210,IND,CLE,2017-09-24,3,True,22.0,47.0,46.8,242.0,2.0,3.0,1.0,5.15,21.0,111.0,5,2.0,1.0
211,IND,SEA,2017-10-01,4,False,21.0,26.0,80.8,295.0,2.0,2.0,3.0,11.35,33.0,194.0,6,2.0,0.0
212,IND,SF,2017-10-08,5,True,29.0,46.0,63.0,353.0,2.0,0.0,2.0,7.67,22.0,66.0,3,0.0,2.0
213,IND,TEN,2017-10-16,6,False,23.0,32.0,71.9,306.0,1.0,1.0,1.0,9.56,34.0,168.0,5,2.0,0.0
214,IND,JAX,2017-10-22,7,True,18.0,27.0,66.7,330.0,1.0,0.0,1.0,12.22,37.0,188.0,5,2.0,3.0
215,IND,CIN,2017-10-29,8,False,17.0,29.0,58.6,243.0,2.0,0.0,3.0,8.38,21.0,58.0,3,0.0,4.0
216,IND,HOU,2017-11-05,9,False,19.0,44.0,43.2,219.0,1.0,0.0,2.0,4.98,21.0,94.0,4,0.0,2.0
217,IND,PIT,2017-11-12,10,True,19.0,31.0,61.3,236.0,2.0,1.0,1.0,7.61,30.0,88.0,3,0.0,1.0
218,IND,TEN,2017-11-26,12,True,17.0,25.0,68.0,184.0,1.0,2.0,0.0,7.36,28.0,92.0,3,1.0,0.0
219,IND,JAX,2017-12-03,13,False,26.0,35.0,74.3,309.0,2.0,0.0,1.0,8.83,27.0,96.0,3,1.0,1.0
220,IND,BUF,2017-12-10,14,False,7.0,16.0,43.8,92.0,1.0,1.0,0.0,5.75,51.0,227.0,4,1.0,2.0
221,IND,DEN,2017-12-14,15,True,17.0,26.0,65.4,261.0,2.0,1.0,2.0,10.04,46.0,211.0,4,1.0,2.0
222,IND,BAL,2017-12-23,16,False,29.0,38.0,76.3,237.0,2.0,0.0,1.0,6.24,32.0,103.0,3,0.0,2.0
223,IND,HOU,2017-12-31,17,True,14.0,24.0,58.3,137.0,0.0,1.0,2.0,5.71,27.0,85.0,3,1.0,0.0
224,JAX,HOU,2017-09-10,1,False,19.0,36.0,52.8,164.0,1.0,1.0,10.0,4.56,23.0,93.0,4,0.0,3.0
225,JAX,TEN,2017-09-17,2,True,15.0,27.0,55.6,215.0,1.0,1.0,1.0,7.96,36.0,179.0,5,3.0,0.0
226,JAX,BAL,2017-09-24,3,True,14.0,27.0,51.9,64.0,1.0,2.0,2.0,2.37,25.0,134.0,5,0.0,1.0
227,JAX,NYJ,2017-10-01,4,False,22.0,31.0,71.0,224.0,0.0,1.0,5.0,7.23,32.0,256.0,8,2.0,3.0
228,JAX,PIT,2017-10-08,5,False,33.0,55.0,60.0,312.0,0.0,5.0,2.0,5.67,20.0,70.0,3,0.0,0.0
229,JAX,LAR,2017-10-15,6,True,11.0,21.0,52.4,124.0,1.0,0.0,3.0,5.9,32.0,142.0,4,0.0,2.0
230,JAX,IND,2017-10-22,7,False,22.0,37.0,59.5,200.0,0.0,0.0,10.0,5.41,20.0,96.0,4,0.0,2.0
231,JAX,CIN,2017-11-05,9,True,10.0,18.0,55.6,136.0,0.0,0.0,2.0,7.56,17.0,29.0,2,1.0,0.0
232,JAX,LAC,2017-11-12,10,True,21.0,37.0,56.8,235.0,2.0,1.0,0.0,6.35,30.0,87.0,3,0.0,2.0
233,JAX,CLE,2017-11-19,11,False,16.0,32.0,50.0,179.0,1.0,2.0,5.0,5.59,18.0,50.0,2,0.0,4.0
234,JAX,ARI,2017-11-26,12,False,22.0,38.0,57.9,241.0,2.0,1.0,1.0,6.34,31.0,108.0,3,0.0,2.0
235,JAX,IND,2017-12-03,13,True,21.0,36.0,58.3,174.0,1.0,2.0,4.0,4.83,26.0,141.0,5,0.0,1.0
236,JAX,SEA,2017-12-10,14,True,17.0,31.0,54.8,271.0,3.0,3.0,2.0,8.74,24.0,141.0,5,0.0,0.0
237,JAX,HOU,2017-12-17,15,True,12.0,31.0,38.7,128.0,1.0,1.0,4.0,4.13,21.0,87.0,4,0.0,2.0
238,JAX,SF,2017-12-24,16,False,21.0,30.0,70.0,242.0,2.0,1.0,1.0,8.07,35.0,131.0,4,3.0,0.0
239,JAX,TEN,2017-12-31,17,False,12.0,21.0,57.1,134.0,1.0,0.0,3.0,6.38,39.0,116.0,3,0.0,1.0
240,KC,NE,2017-09-07,1,False,16.0,36.0,44.4,267.0,0.0,0.0,3.0,7.42,35.0,124.0,3,3.0,1.0
241,KC,PHI,2017-09-17,2,True,25.0,46.0,54.3,333.0,2.0,1.0,6.0,7.24,17.0,107.0,6,0.0,3.0
242,KC,LAC,2017-09-24,3,False,20.0,40.0,50.0,237.0,0.0,3.0,2.0,5.92,26.0,104.0,4,1.0,0.0
243,KC,WSH,2017-10-02,4,True,14.0,24.0,58.3,220.0,2.0,0.0,0.0,9.17,26.0,111.0,4,0.0,3.0
244,KC,HOU,2017-10-08,5,False,16.0,31.0,51.6,261.0,5.0,0.0,3.0,8.42,23.0,144.0,6,0.0,1.0
245,KC,PIT,2017-10-15,6,True,17.0,25.0,68.0,252.0,1.0,1.0,1.0,10.08,37.0,194.0,5,1.0,1.0
246,KC,LV,2017-10-19,7,False,29.0,52.0,55.8,417.0,3.0,0.0,0.0,8.02,21.0,88.0,4,1.0,0.0
247,KC,DEN,2017-10-30,8,True,19.0,36.0,52.8,198.0,1.0,3.0,3.0,5.5,31.0,177.0,5,1.0,2.0
248,KC,DAL,2017-11-05,9,False,21.0,33.0,63.6,249.0,2.0,0.0,1.0,7.55,31.0,131.0,4,2.0,0.0
249,KC,NYG,2017-11-19,11,False,19.0,36.0,52.8,205.0,0.0,1.0,0.0,5.69,31.0,110.0,3,1.0,1.0
250,KC,BUF,2017-11-26,12,True,19.0,29.0,65.5,183.0,1.0,0.0,2.0,6.31,37.0,104.0,3,0.0,1.0
251,KC,NYJ,2017-12-03,13,False,26.0,36.0,72.2,331.0,1.0,0.0,0.0,9.19,49.0,157.0,3,3.0,0.0
252,KC,LV,2017-12-10,14,True,24.0,41.0,58.5,211.0,1.0,2.0,3.0,5.15,11.0,70.0,5,1.0,1.0
253,KC,LAC,2017-12-16,15,True,20.0,36.0,55.6,227.0,1.0,3.0,2.0,6.31,22.0,98.0,4,1.0,1.0
254,KC,MIA,2017-12-24,16,True,19.0,38.0,50.0,286.0,1.0,0.0,0.0,7.53,16.0,59.0,3,0.0,3.0
255,KC,DEN,2017-12-31,17,False,21.0,31.0,67.7,254.0,2.0,2.0,5.0,8.19,29.0,110.0,4,0.0,1.0
256,LAC,DEN,2017-09-11,1,False,17.0,28.0,60.7,219.0,2.0,1.0,4.0,7.82,36.0,140.0,4,1.0,1.0
257,LAC,MIA,2017-09-17,2,True,24.0,34.0,70.6,230.0,1.0,0.0,2.0,6.76,32.0,111.0,3,0.0,0.0
258,LAC,KC,2017-09-24,3,True,16.0,21.0,76.2,155.0,2.0,0.0,5.0,7.38,25.0,189.0,7,1.0,1.0
259,LAC,PHI,2017-10-01,4,True,17.0,31.0,54.8,242.0,1.0,0.0,1.0,7.81,42.0,214.0,5,1.0,1.0
260,LAC,NYG,2017-10-08,5,False,21.0,36.0,58.3,225.0,2.0,1.0,5.0,6.25,25.0,152.0,6,1.0,2.0
261,LAC,LV,2017-10-15,6,False,21.0,30.0,70.0,171.0,1.0,2.0,1.0,5.7,22.0,109.0,5,1.0,2.0
262,LAC,DEN,2017-10-22,7,True,25.0,35.0,71.4,207.0,0.0,1.0,5.0,5.91,19.0,69.0,3,0.0,3.0
263,LAC,NE,2017-10-29,8,False,32.0,47.0,68.1,333.0,1.0,0.0,3.0,7.09,32.0,97.0,3,0.0,0.0
264,LAC,JAX,2017-11-12,10,False,28.0,51.0,54.9,273.0,1.0,2.0,3.0,5.35,27.0,135.0,5,1.0,0.0
265,LAC,BUF,2017-11-19,11,True,21.0,39.0,53.8,224.0,1.0,5.0,1.0,5.74,22.0,173.0,7,2.0,2.0
266,LAC,DAL,2017-11-23,12,False,20.0,27.0,74.1,179.0,0.0,2.0,2.0,6.63,20.0,79.0,4,1.0,0.0
267,LAC,CLE,2017-12-03,13,True,15.0,32.0,46.9,215.0,1.0,1.0,3.0,6.72,22.0,89.0,4,0.0,1.0
268,LAC,WSH,2017-12-10,14,True,15.0,27.0,55.6,151.0,1.0,1.0,2.0,5.59,21.0,65.0,3,0.0,0.0
269,LAC,KC,2017-12-16,15,False,23.0,30.0,76.7,231.0,2.0,0.0,1.0,7.7,32.0,174.0,5,1.0,0.0
270,LAC,NYJ,2017-12-24,16,False,15.0,28.0,53.6,119.0,0.0,1.0,3.0,4.25,30.0,197.0,6,1.0,2.0
271,LAC,LV,2017-12-31,17,True,19.0,28.0,67.9,243.0,1.0,1.0,2.0,8.68,23.0,105.0,4,0.0,2.0
272,LAR,IND,2017-09-10,1,True,11.0,21.0,52.4,179.0,0.0,2.0,4.0,8.52,24.0,75.0,3,1.0,3.0
273,LAR,WSH,2017-09-17,2,True,18.0,27.0,66.7,179.0,1.0,0.0,2.0,6.63,39.0,229.0,6,2.0,3.0
274,LAR,SF,2017-09-21,3,False,23.0,37.0,62.2,332.0,2.0,1.0,4.0,8.97,33.0,113.0,3,3.0,1.0
275,LAR,DAL,2017-10-01,4,False,20.0,36.0,55.6,252.0,3.0,1.0,2.0,7.0,27.0,189.0,7,1.0,1.0
276,LAR,SEA,2017-10-08,5,True,24.0,38.0,63.2,198.0,1.0,2.0,3.0,5.21,25.0,62.0,2,0.0,0.0
277,LAR,JAX,2017-10-15,6,False,23.0,35.0,65.7,241.0,1.0,1.0,5.0,6.89,26.0,169.0,6,1.0,2.0
278,LAR,ARI,2017-10-22,7,True,15.0,32.0,46.9,188.0,0.0,2.0,3.0,5.88,12.0,25.0,2,0.0,1.0
279,LAR,NYG,2017-11-05,9,False,20.0,38.0,52.6,220.0,2.0,1.0,2.0,5.79,26.0,111.0,4,0.0,2.0
280,LAR,HOU,2017-11-12,10,True,18.0,36.0,50.0,221.0,1.0,2.0,3.0,6.14,25.0,89.0,3,0.0,2.0
281,LAR,MIN,2017-11-19,11,False,27.0,38.0,71.1,280.0,1.0,0.0,0.0,7.37,35.0,171.0,5,2.0,0.0
282,LAR,NO,2017-11-26,12,True,22.0,32.0,68.8,246.0,1.0,0.0,3.0,7.69,17.0,123.0,6,1.0,1.0
283,LAR,ARI,2017-12-03,13,False,18.0,32.0,56.2,221.0,1.0,2.0,7.0,6.91,24.0,118.0,5,1.0,1.0
284,LAR,PHI,2017-12-10,14,True,29.0,51.0,56.9,333.0,4.0,1.0,2.0,6.53,32.0,139.0,4,0.0,1.0
285,LAR,SEA,2017-12-17,15,False,14.0,30.0,46.7,142.0,1.0,0.0,7.0,4.73,17.0,78.0,4,0.0,3.0
286,LAR,TEN,2017-12-24,16,False,22.0,39.0,56.4,275.0,0.0,1.0,1.0,7.05,26.0,97.0,3,1.0,1.0
287,LAR,SF,2017-12-31,17,True,20.0,33.0,60.6,292.0,2.0,2.0,0.0,8.85,30.0,169.0,5,2.0,1.0
288,LV,TEN,2017-09-10,1,False,25.0,41.0,61.0,256.0,0.0,0.0,1.0,6.24,21.0,95.0,4,1.0,0.0
289,LV,NYJ,2017-09-17,2,True,16.0,24.0,66.7,166.0,2.0,0.0,4.0,6.92,25.0,126.0,5,0.0,2.0
290,LV,WSH,2017-09-24,3,False,25.0,30.0,83.3,365.0,3.0,0.0,1.0,12.17,34.0,116.0,3,0.0,2.0
291,LV,DEN,2017-10-01,4,False,16.0,26.0,61.5,179.0,1.0,0.0,4.0,6.88,32.0,143.0,4,0.0,2.0
292,LV,BAL,2017-10-08,5,True,19.0,26.0,73.1,222.0,0.0,0.0,0.0,8.54,39.0,143.0,3,2.0,1.0
293,LV,LAC,2017-10-15,6,True,25.0,36.0,69.4,268.0,1.0,0.0,1.0,7.44,28.0,80.0,3,1.0,1.0
294,LV,KC,2017-10-19,7,True,25.0,36.0,69.4,342.0,3.0,0.0,1.0,9.5,23.0,94.0,4,0.0,1.0
295,LV,BUF,2017-10-29,8,False,20.0,27.0,74.1,165.0,1.0,0.0,0.0,6.11,37.0,166.0,4,2.0,0.0
296,LV,MIA,2017-11-05,9,False,34.0,42.0,81.0,311.0,3.0,0.0,1.0,7.4,18.0,86.0,4,0.0,1.0
297,LV,NE,2017-11-19,11,True,30.0,37.0,81.1,340.0,3.0,0.0,1.0,9.19,20.0,89.0,4,0.0,1.0
298,LV,DEN,2017-11-26,12,True,20.0,35.0,57.1,190.0,2.0,1.0,5.0,5.43,17.0,56.0,3,0.0,1.0
299,LV,NYG,2017-12-03,13,True,21.0,34.0,61.8,212.0,1.0,0.0,3.0,6.24,24.0,65.0,2,1.0,2.0
300,LV,KC,2017-12-10,14,False,20.0,34.0,58.8,268.0,0.0,1.0,4.0,7.88,33.0,165.0,5,2.0,0.0
301,LV,DAL,2017-12-17,15,True,18.0,27.0,66.7,212.0,0.0,2.0,2.0,7.85,30.0,102.0,3,2.0,0.0
302,LV,PHI,2017-12-25,16,False,19.0,38.0,50.0,163.0,1.0,1.0,2.0,4.29,21.0,78.0,3,0.0,3.0
303,LV,LAC,2017-12-31,17,False,28.0,37.0,75.7,387.0,3.0,0.0,1.0,10.46,30.0,115.0,4,0.0,2.0
304,MIA,LAC,2017-09-17,2,False,31.0,39.0,79.5,331.0,1.0,0.0,1.0,8.49,14.0,44.0,3,1.0,0.0
305,MIA,NYJ,2017-09-24,3,False,18.0,23.0,78.3,249.0,1.0,0.0,2.0,10.83,34.0,103.0,3,1.0,3.0
306,MIA,NO,2017-10-01,4,True,29.0,41.0,70.7,268.0,2.0,0.0,1.0,6.54,28.0,86.0,3,0.0,1.0
307,MIA,TEN,2017-10-08,5,True,21.0,32.0,65.6,141.0,1.0,0.0,6.0,4.41,20.0,69.0,3,0.0,2.0
308,MIA,ATL,2017-10-15,6,False,24.0,35.0,68.6,248.0,1.0,1.0,2.0,7.09,18.0,100.0,5,1.0,0.0
309,MIA,NYJ,2017-10-22,7,True,17.0,27.0,63.0,209.0,3.0,1.0,3.0,7.74,22.0,92.0,4,1.0,2.0
310,MIA,BAL,2017-10-26,8,False,13.0,22.0,59.1,121.0,2.0,0.0,0.0,5.5,40.0,174.0,4,0.0,1.0
311,MIA,LV,2017-11-05,9,True,21.0,30.0,70.0,300.0,1.0,1.0,1.0,10.0,27.0,84.0,3,2.0,2.0
312,MIA,CAR,2017-11-13,10,False,21.0,35.0,60.0,254.0,4.0,0.0,0.0,7.26,36.0,294.0,8,2.0,0.0
313,MIA,TB,2017-11-19,11,True,22.0,37.0,59.5,275.0,2.0,0.0,1.0,7.43,24.0,53.0,2,0.0,0.0
314,MIA,NE,2017-11-26,12,False,18.0,28.0,64.3,227.0,4.0,1.0,1.0,8.11,37.0,182.0,5,1.0,3.0
315,MIA,DEN,2017-12-03,13,True,19.0,41.0,46.3,200.0,0.0,3.0,3.0,4.88,23.0,103.0,4,0.0,1.0
316,MIA,NE,2017-12-11,14,True,24.0,43.0,55.8,233.0,1.0,2.0,2.0,5.42,10.0,25.0,2,1.0,0.0
317,MIA,BUF,2017-12-17,15,False,17.0,29.0,58.6,224.0,1.0,0.0,2.0,7.72,30.0,116.0,4,2.0,0.0
318,MIA,KC,2017-12-24,16,False,25.0,39.0,64.1,304.0,1.0,0.0,1.0,7.79,34.0,103.0,3,1.0,0.0
319,MIA,BUF,2017-12-31,17,True,19.0,27.0,70.4,204.0,1.0,0.0,4.0,7.56,31.0,125.0,4,0.0,0.0
320,MIN,NO,2017-09-11,1,True,27.0,37.0,73.0,291.0,1.0,0.0,1.0,7.86,21.0,60.0,3,0.0,0.0
321,MIN,PIT,2017-09-17,2,False,23.0,35.0,65.7,243.0,2.0,0.0,2.0,6.94,32.0,102.0,3,0.0,0.0
322,MIN,TB,2017-09-24,3,True,28.0,40.0,70.0,328.0,2.0,3.0,2.0,8.2,9.0,26.0,2,0.0,2.0
323,MIN,DET,2017-10-01,4,True,19.0,31.0,61.3,209.0,0.0,0.0,6.0,6.74,31.0,97.0,3,1.0,1.0
324,MIN,CHI,2017-10-09,5,False,12.0,25.0,48.0,128.0,1.0,1.0,1.0,5.12,29.0,115.0,4,0.0,1.0
325,MIN,GB,2017-10-15,6,True,20.0,37.0,54.1,175.0,1.0,3.0,4.0,4.73,14.0,44.0,3,0.0,1.0
326,MIN,BAL,2017-10-22,7,True,27.0,39.0,69.2,186.0,1.0,0.0,5.0,4.77,20.0,64.0,3,0.0,3.0
327,MIN,CLE,2017-10-29,8,False,18.0,34.0,52.9,179.0,0.0,0.0,3.0,5.26,22.0,115.0,5,2.0,2.0
328,MIN,WSH,2017-11-12,10,False,26.0,45.0,57.8,327.0,1.0,1.0,1.0,7.27,27.0,81.0,3,2.0,0.0
329,MIN,LAR,2017-11-19,11,True,23.0,37.0,62.2,225.0,0.0,0.0,2.0,6.08,17.0,45.0,2,1.0,1.0
330,MIN,DET,2017-11-23,12,False,20.0,35.0,57.1,250.0,2.0,1.0,3.0,7.14,15.0,53.0,3,0.0,2.0
331,MIN,ATL,2017-12-03,13,False,16.0,29.0,55.2,173.0,0.0,0.0,0.0,5.97,22.0,102.0,4,0.0,0.0
332,MIN,CAR,2017-12-10,14,False,13.0,25.0,52.0,137.0,1.0,1.0,2.0,5.48,36.0,216.0,6,3.0,0.0
333,MIN,CIN,2017-12-17,15,True,14.0,28.0,50.0,132.0,0.0,2.0,3.0,4.71,20.0,46.0,2,1.0,1.0
334,MIN,GB,2017-12-23,16,False,17.0,40.0,42.5,130.0,0.0,2.0,1.0,3.25,24.0,113.0,4,0.0,0.0
335,MIN,CHI,2017-12-31,17,True,20.0,37.0,54.1,178.0,0.0,0.0,1.0,4.81,15.0,30.0,2,0.0,0.0
336,NE,KC,2017-09-07,1,True,28.0,35.0,80.0,368.0,4.0,0.0,3.0,10.51,27.0,185.0,6,2.0,2.0
337,NE,NO,2017-09-17,2,False,27.0,45.0,60.0,356.0,2.0,0.0,1.0,7.91,17.0,81.0,4,0.0,1.0
338,NE,HOU,2017-09-24,3,True,22.0,33.0,66.7,301.0,2.0,2.0,2.0,9.12,32.0,125.0,4,0.0,2.0
339,NE,CAR,2017-10-01,4,True,22.0,29.0,75.9,316.0,3.0,1.0,2.0,10.9,29.0,140.0,5,1.0,1.0
340,NE,TB,2017-10-05,5,False,26.0,46.0,56.5,334.0,1.0,0.0,2.0,7.26,20.0,90.0,4,1.0,2.0
341,NE,NYJ,2017-10-15,6,False,31.0,47.0,66.0,354.0,2.0,2.0,4.0,7.53,24.0,74.0,3,0.0,1.0
342,NE,ATL,2017-10-22,7,True,23.0,33.0,69.7,233.0,1.0,0.0,1.0,7.06,22.0,120.0,5,0.0,0.0
343,NE,LAC,2017-10-29,8,True,17.0,30.0,56.7,212.0,1.0,1.0,1.0,7.07,21.0,157.0,7,1.0,2.0
344,NE,DEN,2017-11-12,10,False,18.0,33.0,54.5,221.0,1.0,1.0,0.0,6.7,28.0,118.0,4,0.0,1.0
345,NE,LV,2017-11-19,11,False,28.0,49.0,57.1,237.0,1.0,1.0,1.0,4.84,21.0,109.0,5,0.0,1.0
346,NE,MIA,2017-11-26,12,True,23.0,34.0,67.6,215.0,1.0,2.0,7.0,6.32,19.0,67.0,3,0.0,2.0
347,NE,BUF,2017-12-03,13,False,15.0,34.0,44.1,115.0,0.0,1.0,4.0,3.38,26.0,183.0,7,0.0,0.0
348,NE,MIA,2017-12-11,14,False,25.0,38.0,65.8,263.0,3.0,0.0,2.0,6.92,30.0,120.0,4,0.0,1.0
349,NE,PIT,2017-12-17,15,False,22.0,30.0,73.3,281.0,2.0,1.0,2.0,9.37,31.0,143.0,4,1.0,1.0
350,NE,BUF,2017-12-24,16,True,21.0,38.0,55.3,281.0,0.0,0.0,6.0,7.39,24.0,84.0,3,0.0,1.0
351,NE,NYJ,2017-12-31,17,True,19.0,36.0,52.8,232.0,0.0,0.0,4.0,6.44,19.0,40.0,2,0.0,1.0
352,NO,MIN,2017-09-11,1,False,27.0,32.0,84.4,346.0,3.0,0.0,1.0,10.81,30.0,129.0,4,0.0,1.0
353,NO,NE,2017-09-17,2,True,30.0,39.0,76.9,447.0,3.0,0.0,2.0,11.46,31.0,119.0,4,1.0,0.0
354,NO,CAR,2017-09-24,3,False,19.0,33.0,57.6,184.0,0.0,3.0,4.0,5.58,22.0,132.0,6,1.0,2.0
355,NO,MIA,2017-10-01,4,False,20.0,28.0,71.4,164.0,0.0,1.0,4.0,5.86,15.0,58.0,3,0.0,2.0
356,NO,DET,2017-10-15,6,True,25.0,52.0,48.1,312.0,3.0,3.0,5.0,6.0,19.0,66.0,3,0.0,2.0
357,NO,GB,2017-10-22,7,False,12.0,25.0,48.0,87.0,0.0,1.0,1.0,3.48,20.0,175.0,8,2.0,2.0
358,NO,CHI,2017-10-29,8,True,14.0,32.0,43.8,164.0,0.0,1.0,2.0,5.12,31.0,157.0,5,1.0,0.0
359,NO,TB,2017-11-05,9,True,15.0,28.0,53.6,135.0,1.0,0.0,4.0,4.82,25.0,87.0,3,0.0,1.0
360,NO,BUF,2017-11-12,10,False,16.0,28.0,57.1,135.0,1.0,1.0,2.0,4.82,15.0,69.0,4,0.0,1.0
361,NO,WSH,2017-11-19,11,True,22.0,32.0,68.8,322.0,3.0,0.0,2.0,10.06,33.0,156.0,4,1.0,1.0
362,NO,LAR,2017-11-26,12,False,28.0,44.0,63.6,354.0,2.0,1.0,4.0,8.05,25.0,88.0,3,0.0,1.0
363,NO,CAR,2017-12-03,13,True,17.0,27.0,63.0,183.0,2.0,0.0,2.0,6.78,23.0,112.0,4,1.0,2.0
364,NO,ATL,2017-12-07,14,False,15.0,27.0,55.6,221.0,1.0,3.0,1.0,8.19,37.0,132.0,3,1.0,1.0
365,NO,NYJ,2017-12-17,15,True,19.0,39.0,48.7,179.0,1.0,2.0,1.0,4.59,27.0,123.0,4,1.0,0.0
366,NO,ATL,2017-12-24,16,True,22.0,36.0,61.1,288.0,1.0,1.0,5.0,8.0,20.0,67.0,3,0.0,1.0
367,NO,TB,2017-12-31,17,False,28.0,51.0,54.9,363.0,1.0,3.0,2.0,7.12,28.0,110.0,4,2.0,1.0
368,NYG,DAL,2017-09-10,1,False,24.0,39.0,61.5,268.0,1.0,0.0,1.0,6.87,31.0,129.0,4,0.0,0.0
369,NYG,DET,2017-09-18,2,True,15.0,21.0,71.4,122.0,2.0,0.0,3.0,5.81,32.0,138.0,4,0.0,1.0
370,NYG,PHI,2017-09-24,3,False,21.0,31.0,67.7,176.0,1.0,0.0,3.0,5.68,39.0,193.0,5,2.0,1.0
371,NYG,TB,2017-10-01,4,False,22.0,38.0,57.9,332.0,3.0,0.0,1.0,8.74,23.0,111.0,4,0.0,1.0
372,NYG,LAC,2017-10-08,5,True,21.0,44.0,47.7,258.0,3.0,1.0,0.0,5.86,29.0,124.0,4,0.0,1.0
373,NYG,DEN,2017-10-15,6,False,31.0,54.0,57.4,394.0,1.0,2.0,4.0,7.3,17.0,46.0,2,0.0,3.0
374,NYG,SEA,2017-10-22,7,True,27.0,39.0,69.2,334.0,3.0,0.0,1.0,8.56,31.0,104.0,3,0.0,1.0
375,NYG,LAR,2017-11-05,9,True,14.0,22.0,63.6,311.0,4.0,0.0,0.0,14.14,39.0,162.0,4,2.0,1.0
376,NYG,SF,2017-11-12,10,False,19.0,25.0,76.0,288.0,2.0,1.0,0.0,11.52,33.0,186.0,5,2.0,1.0
377,NYG,KC,2017-11-19,11,True,27.0,41.0,65.9,230.0,0.0,3.0,1.0,5.61,29.0,134.0,4,0.0,1.0
378,NYG,WSH,2017-11-23,12,False,19.0,31.0,61.3,242.0,2.0,1.0,6.0,7.81,31.0,122.0,4,0.0,0.0
379,NYG,LV,2017-12-03,13,False,22.0,36.0,61.1,287.0,1.0,0.0,1.0,7.97,28.0,130.0,4,2.0,4.0
380,NYG,DAL,2017-12-10,14,True,20.0,30.0,66.7,332.0,3.0,0.0,0.0,11.07,31.0,122.0,4,1.0,0.0
381,NYG,PHI,2017-12-17,15,True,24.0,38.0,63.2,237.0,4.0,0.0,1.0,6.24,27.0,108.0,4,0.0,1.0
382,NYG,ARI,2017-12-24,16,False,21.0,35.0,60.0,230.0,2.0,2.0,2.0,6.57,27.0,74.0,3,0.0,1.0
383,NYG,WSH,2017-12-31,17,True,20.0,37.0,54.1,158.0,0.0,3.0,3.0,4.27,16.0,61.0,3,1.0,0.0
384,NYJ,BUF,2017-09-10,1,False,16.0,28.0,57.1,224.0,2.0,1.0,2.0,8.0,42.0,190.0,4,1.0,0.0
385,NYJ,LV,2017-09-17,2,False,23.0,28.0,82.1,230.0,3.0,0.0,0.0,8.21,27.0,180.0,6,3.0,1.0
386,NYJ,MIA,2017-09-24,3,True,26.0,44.0,59.1,220.0,1.0,1.0,3.0,5.0,15.0,30.0,2,0.0,1.0
387,NYJ,JAX,2017-10-01,4,True,15.0,35.0,42.9,140.0,1.0,1.0,1.0,4.0,39.0,175.0,4,0.0,0.0
388,NYJ,CLE,2017-10-08,5,False,24.0,36.0,66.7,281.0,2.0,2.0,1.0,7.81,33.0,140.0,4,0.0,1.0
389,NYJ,NE,2017-10-15,6,True,20.0,38.0,52.6,257.0,2.0,1.0,0.0,6.76,25.0,118.0,4,1.0,1.0
390,NYJ,MIA,2017-10-22,7,False,25.0,37.0,67.6,326.0,4.0,2.0,3.0,8.81,25.0,53.0,2,0.0,1.0
391,NYJ,ATL,2017-10-29,8,True,18.0,29.0,62.1,254.0,2.0,0.0,1.0,8.76,32.0,140.0,4,0.0,4.0
392,NYJ,BUF,2017-11-02,9,True,29.0,40.0,72.5,285.0,2.0,0.0,7.0,7.12,22.0,63.0,3,1.0,4.0
393,NYJ,TB,2017-11-12,10,False,17.0,34.0,50.0,187.0,1.0,1.0,1.0,5.5,31.0,90.0,3,0.0,1.0
394,NYJ,CAR,2017-11-26,12,True,11.0,28.0,39.3,168.0,0.0,0.0,3.0,6.0,33.0,145.0,4,2.0,1.0
395,NYJ,KC,2017-12-03,13,True,19.0,33.0,57.6,366.0,4.0,0.0,2.0,11.09,11.0,112.0,9,0.0,0.0
396,NYJ,DEN,2017-12-10,14,False,19.0,31.0,61.3,200.0,1.0,0.0,2.0,6.45,35.0,84.0,2,1.0,0.0
397,NYJ,NO,2017-12-17,15,False,26.0,36.0,72.2,281.0,2.0,1.0,0.0,7.81,28.0,131.0,4,2.0,2.0
398,NYJ,LAC,2017-12-24,16,True,22.0,40.0,55.0,290.0,1.0,0.0,0.0,7.25,30.0,89.0,3,1.0,1.0
399,NYJ,NE,2017-12-31,17,False,19.0,40.0,47.5,195.0,2.0,0.0,2.0,4.88,38.0,147.0,4,1.0,0.0
400,PHI,WSH,2017-09-10,1,False,23.0,40.0,57.5,240.0,1.0,1.0,4.0,6.0,17.0,64.0,3,0.0,3.0
401,PHI,KC,2017-09-17,2,False,21.0,28.0,75.0,251.0,1.0,0.0,4.0,8.96,19.0,112.0,5,2.0,0.0
402,PHI,NYG,2017-09-24,3,True,35.0,47.0,74.5,366.0,3.0,2.0,0.0,7.79,17.0,49.0,3,0.0,0.0
403,PHI,LAC,2017-10-01,4,False,22.0,38.0,57.9,347.0,2.0,0.0,2.0,9.13,13.0,58.0,4,1.0,2.0
404,PHI,ARI,2017-10-08,5,True,28.0,44.0,63.6,291.0,1.0,0.0,2.0,6.61,14.0,31.0,2,0.0,1.0
405,PHI,CAR,2017-10-12,6,False,28.0,52.0,53.8,239.0,1.0,3.0,2.0,4.6,25.0,80.0,3,1.0,1.0
406,PHI,WSH,2017-10-23,7,True,30.0,40.0,75.0,303.0,3.0,1.0,4.0,7.58,18.0,75.0,4,0.0,1.0
407,PHI,SF,2017-10-29,8,True,17.0,36.0,47.2,167.0,1.0,2.0,4.0,4.64,24.0,94.0,4,0.0,0.0
408,PHI,DEN,2017-11-05,9,True,19.0,38.0,50.0,208.0,1.0,2.0,3.0,5.47,19.0,35.0,2,0.0,1.0
409,PHI,DAL,2017-11-19,11,False,18.0,32.0,56.2,145.0,0.0,3.0,4.0,4.53,27.0,112.0,4,0.0,1.0
410,PHI,CHI,2017-11-26,12,True,17.0,33.0,51.5,147.0,0.0,2.0,2.0,4.45,14.0,6.0,0,0.0,2.0
411,PHI,SEA,2017-12-03,13,False,20.0,31.0,64.5,227.0,3.0,0.0,2.0,7.32,25.0,101.0,4,0.0,0.0
412,PHI,LAR,2017-12-10,14,False,16.0,26.0,61.5,199.0,2.0,0.0,2.0,7.65,17.0,109.0,6,2.0,2.0
413,PHI,NYG,2017-12-17,15,False,37.0,57.0,64.9,434.0,3.0,1.0,1.0,7.61,23.0,75.0,3,1.0,0.0
414,PHI,LV,2017-12-25,16,True,15.0,29.0,51.7,140.0,1.0,2.0,1.0,4.83,33.0,137.0,4,0.0,4.0
415,PHI,DAL,2017-12-31,17,True,17.0,30.0,56.7,179.0,1.0,0.0,1.0,5.97,32.0,129.0,4,0.0,0.0
416,PIT,CLE,2017-09-10,1,False,20.0,30.0,66.7,222.0,1.0,1.0,7.0,7.4,25.0,57.0,2,1.0,0.0
417,PIT,MIN,2017-09-17,2,True,20.0,37.0,54.1,167.0,0.0,0.0,2.0,4.51,20.0,91.0,4,1.0,1.0
418,PIT,CHI,2017-09-24,3,False,15.0,22.0,68.2,101.0,1.0,1.0,2.0,4.59,38.0,222.0,6,2.0,3.0
419,PIT,BAL,2017-10-01,4,False,31.0,49.0,63.3,235.0,1.0,2.0,4.0,4.8,15.0,82.0,5,0.0,3.0
420,PIT,JAX,2017-10-08,5,True,8.0,14.0,57.1,95.0,0.0,1.0,2.0,6.79,37.0,231.0,6,2.0,0.0
421,PIT,KC,2017-10-15,6,False,19.0,34.0,55.9,246.0,1.0,0.0,3.0,7.24,15.0,28.0,2,0.0,0.0
422,PIT,CIN,2017-10-22,7,True,17.0,30.0,56.7,140.0,2.0,2.0,4.0,4.67,17.0,71.0,4,0.0,1.0
423,PIT,DET,2017-10-29,8,False,27.0,45.0,60.0,423.0,0.0,0.0,2.0,9.4,22.0,71.0,3,0.0,1.0
424,PIT,IND,2017-11-12,10,False,14.0,24.0,58.3,222.0,2.0,1.0,3.0,9.25,29.0,71.0,2,0.0,0.0
425,PIT,TEN,2017-11-16,11,True,22.0,34.0,64.7,306.0,1.0,4.0,5.0,9.0,20.0,47.0,2,1.0,0.0
426,PIT,GB,2017-11-26,12,True,17.0,26.0,65.4,245.0,3.0,0.0,4.0,9.42,24.0,80.0,3,1.0,0.0
427,PIT,CIN,2017-12-04,13,False,21.0,36.0,58.3,234.0,2.0,0.0,2.0,6.5,22.0,130.0,5,0.0,0.0
428,PIT,BAL,2017-12-10,14,True,20.0,35.0,57.1,269.0,2.0,1.0,1.0,7.69,26.0,152.0,5,3.0,2.0
429,PIT,NE,2017-12-17,15,True,22.0,35.0,62.9,298.0,1.0,1.0,2.0,8.51,19.0,77.0,4,2.0,0.0
430,PIT,HOU,2017-12-25,16,False,8.0,17.0,47.1,93.0,1.0,1.0,7.0,5.47,28.0,176.0,6,0.0,3.0
431,PIT,CLE,2017-12-31,17,True,16.0,30.0,53.3,314.0,2.0,1.0,6.0,10.47,27.0,102.0,4,1.0,1.0
432,SEA,GB,2017-09-10,1,False,28.0,42.0,66.7,311.0,1.0,1.0,4.0,7.4,9.0,30.0,3,0.0,0.0
433,SEA,SF,2017-09-17,2,True,15.0,27.0,55.6,99.0,0.0,1.0,2.0,3.67,19.0,159.0,8,0.0,0.0
434,SEA,TEN,2017-09-24,3,False,20.0,32.0,62.5,225.0,2.0,0.0,0.0,7.03,35.0,195.0,5,1.0,0.0
435,SEA,IND,2017-10-01,4,True,16.0,29.0,55.2,157.0,1.0,1.0,3.0,5.41,25.0,98.0,4,1.0,2.0
436,SEA,LAR,2017-10-08,5,False,22.0,47.0,46.8,288.0,0.0,2.0,2.0,6.13,22.0,100.0,4,1.0,4.0
437,SEA,NYG,2017-10-22,7,False,19.0,39.0,48.7,134.0,1.0,0.0,1.0,3.44,17.0,46.0,2,0.0,1.0
438,SEA,HOU,2017-10-29,8,True,19.0,30.0,63.3,402.0,4.0,3.0,5.0,13.4,34.0,142.0,4,1.0,1.0
439,SEA,WSH,2017-11-05,9,True,21.0,31.0,67.7,247.0,0.0,0.0,6.0,7.97,23.0,51.0,2,2.0,2.0
440,SEA,ARI,2017-11-09,10,False,24.0,47.0,51.1,273.0,1.0,0.0,2.0,5.81,24.0,34.0,1,1.0,1.0
441,SEA,ATL,2017-11-20,11,True,19.0,27.0,70.4,195.0,2.0,0.0,1.0,7.22,30.0,89.0,3,1.0,1.0
442,SEA,SF,2017-11-26,12,False,24.0,40.0,60.0,219.0,1.0,1.0,3.0,5.47,24.0,84.0,3,0.0,1.0
443,SEA,PHI,2017-12-03,13,True,29.0,45.0,64.4,348.0,1.0,1.0,3.0,7.73,26.0,98.0,4,0.0,2.0
444,SEA,JAX,2017-12-10,14,False,18.0,27.0,66.7,268.0,2.0,0.0,0.0,9.93,39.0,156.0,4,1.0,1.0
445,SEA,LAR,2017-12-17,15,True,15.0,23.0,65.2,124.0,2.0,1.0,2.0,5.39,43.0,244.0,5,3.0,2.0
446,SEA,DAL,2017-12-24,16,False,21.0,34.0,61.8,181.0,0.0,2.0,4.0,5.32,30.0,128.0,4,0.0,1.0
447,SEA,ARI,2017-12-31,17,True,15.0,34.0,44.1,145.0,1.0,1.0,1.0,4.26,33.0,116.0,3,1.0,1.0
448,SF,CAR,2017-09-10,1,True,14.0,25.0,56.0,171.0,2.0,1.0,0.0,6.84,38.0,116.0,3,0.0,2.0
449,SF,SEA,2017-09-17,2,False,23.0,39.0,59.0,198.0,1.0,0.0,3.0,5.08,37.0,131.0,3,0.0,1.0
450,SF,LAR,2017-09-21,3,True,22.0,28.0,78.6,292.0,3.0,0.0,0.0,10.43,32.0,126.0,4,2.0,3.0
451,SF,ARI,2017-10-01,4,False,33.0,51.0,64.7,357.0,1.0,1.0,6.0,7.0,22.0,51.0,2,0.0,0.0
452,SF,IND,2017-10-08,5,False,22.0,34.0,64.7,314.0,0.0,1.0,4.0,9.24,35.0,159.0,4,2.0,3.0
453,SF,WSH,2017-10-15,6,False,25.0,37.0,67.6,330.0,2.0,1.0,1.0,8.92,33.0,94.0,3,1.0,2.0
454,SF,DAL,2017-10-22,7,True,17.0,27.0,63.0,236.0,3.0,0.0,0.0,8.74,43.0,265.0,6,3.0,0.0
455,SF,PHI,2017-10-29,8,False,18.0,32.0,56.2,211.0,2.0,1.0,3.0,6.59,31.0,112.0,3,1.0,0.0
456,SF,ARI,2017-11-05,9,True,15.0,30.0,50.0,201.0,2.0,1.0,0.0,6.7,43.0,167.0,4,0.0,1.0
457,SF,NYG,2017-11-12,10,True,28.0,37.0,75.7,273.0,2.0,0.0,3.0,7.38,23.0,114.0,5,0.0,1.0
458,SF,SEA,2017-11-26,12,True,20.0,34.0,58.8,228.0,2.0,1.0,0.0,6.71,30.0,90.0,3,1.0,1.0
459,SF,CHI,2017-12-03,13,False,12.0,15.0,80.0,102.0,1.0,0.0,2.0,6.8,19.0,62.0,3,0.0,2.0
460,SF,HOU,2017-12-10,14,False,20.0,38.0,52.6,238.0,2.0,0.0,3.0,6.26,23.0,90.0,4,0.0,2.0
461,SF,TEN,2017-12-17,15,True,23.0,33.0,69.7,241.0,2.0,0.0,1.0,7.3,28.0,90.0,3,0.0,1.0
462,SF,JAX,2017-12-24,16,True,32.0,50.0,64.0,382.0,2.0,3.0,1.0,7.64,28.0,92.0,3,2.0,1.0
463,SF,LAR,2017-12-31,17,False,20.0,34.0,58.8,169.0,0.0,0.0,3.0,4.97,26.0,102.0,4,1.0,3.0
464,TB,CHI,2017-09-17,2,True,31.0,45.0,68.9,301.0,1.0,2.0,1.0,6.69,16.0,20.0,1,0.0,2.0
465,TB,MIN,2017-09-24,3,False,25.0,33.0,75.8,369.0,3.0,0.0,0.0,11.18,37.0,125.0,3,1.0,0.0
466,TB,NYG,2017-10-01,4,True,30.0,49.0,61.2,288.0,2.0,0.0,0.0,5.88,28.0,91.0,3,1.0,1.0
467,TB,NE,2017-10-05,5,True,30.0,40.0,75.0,303.0,1.0,1.0,3.0,7.58,23.0,113.0,5,0.0,1.0
468,TB,ARI,2017-10-15,6,False,18.0,22.0,81.8,283.0,3.0,1.0,2.0,12.86,35.0,160.0,4,2.0,3.0
469,TB,BUF,2017-10-22,7,False,20.0,33.0,60.6,268.0,1.0,0.0,1.0,8.12,33.0,173.0,5,2.0,1.0
470,TB,CAR,2017-10-29,8,True,18.0,32.0,56.2,154.0,1.0,1.0,0.0,4.81,31.0,100.0,3,1.0,0.0
471,TB,NO,2017-11-05,9,False,22.0,27.0,81.5,263.0,2.0,0.0,1.0,9.74,32.0,151.0,4,1.0,4.0
472,TB,NYJ,2017-11-12,10,True,23.0,39.0,59.0,262.0,1.0,1.0,6.0,6.72,19.0,56.0,3,0.0,2.0
473,TB,MIA,2017-11-19,11,False,23.0,40.0,57.5,365.0,2.0,3.0,1.0,9.12,19.0,83.0,4,0.0,4.0
474,TB,ATL,2017-11-26,12,False,27.0,36.0,75.0,368.0,2.0,0.0,0.0,10.22,28.0,148.0,5,2.0,1.0
475,TB,GB,2017-12-03,13,False,13.0,22.0,59.1,84.0,0.0,1.0,2.0,3.82,29.0,199.0,6,2.0,0.0
476,TB,DET,2017-12-10,14,True,36.0,44.0,81.8,381.0,1.0,2.0,0.0,8.66,18.0,53.0,3,2.0,2.0
477,TB,ATL,2017-12-18,15,True,17.0,31.0,54.8,212.0,1.0,0.0,1.0,6.84,35.0,201.0,5,1.0,2.0
478,TB,CAR,2017-12-24,16,False,16.0,26.0,61.5,160.0,0.0,1.0,2.0,6.15,31.0,115.0,3,1.0,1.0
479,TB,NO,2017-12-31,17,True,22.0,30.0,73.3,245.0,1.0,0.0,2.0,8.17,26.0,92.0,3,1.0,1.0
480,TEN,LV,2017-09-10,1,True,22.0,32.0,68.8,262.0,2.0,0.0,2.0,8.19,29.0,109.0,4,0.0,3.0
481,TEN,JAX,2017-09-17,2,False,20.0,34.0,58.8,223.0,1.0,2.0,2.0,6.56,25.0,99.0,4,1.0,2.0
482,TEN,SEA,2017-09-24,3,True,29.0,49.0,59.2,373.0,4.0,0.0,1.0,7.61,22.0,69.0,3,0.0,2.0
483,TEN,HOU,2017-10-01,4,False,25.0,34.0,73.5,283.0,4.0,1.0,2.0,8.32,42.0,173.0,4,2.0,0.0
484,TEN,MIA,2017-10-08,5,False,12.0,27.0,44.4,92.0,1.0,1.0,1.0,3.41,31.0,100.0,3,0.0,1.0
485,TEN,IND,2017-10-16,6,True,21.0,37.0,56.8,212.0,1.0,0.0,1.0,5.73,19.0,85.0,4,0.0,1.0
486,TEN,CLE,2017-10-22,7,False,22.0,39.0,56.4,235.0,0.0,3.0,2.0,6.03,26.0,66.0,2,0.0,0.0
487,TEN,BAL,2017-11-05,9,True,34.0,52.0,65.4,261.0,2.0,2.0,2.0,5.02,22.0,73.0,3,0.0,1.0
488,TEN,CIN,2017-11-12,10,True,20.0,35.0,57.1,265.0,2.0,0.0,1.0,7.57,14.0,53.0,3,1.0,2.0
489,TEN,PIT,2017-11-16,11,False,30.0,45.0,66.7,299.0,4.0,0.0,3.0,6.64,21.0,65.0,3,0.0,1.0
490,TEN,IND,2017-11-26,12,False,17.0,29.0,58.6,196.0,0.0,0.0,8.0,6.76,24.0,89.0,3,1.0,2.0
491,TEN,HOU,2017-12-03,13,True,31.0,49.0,63.3,365.0,1.0,1.0,4.0,7.45,22.0,53.0,2,0.0,1.0
492,TEN,ARI,2017-12-10,14,False,17.0,26.0,65.4,178.0,0.0,0.0,8.0,6.85,29.0,136.0,4,0.0,0.0
493,TEN,SF,2017-12-17,15,False,31.0,43.0,72.1,381.0,1.0,0.0,3.0,8.86,22.0,51.0,2,0.0,0.0
494,TEN,LAR,2017-12-24,16,True,22.0,38.0,57.9,301.0,4.0,0.0,1.0,7.92,26.0,116.0,4,0.0,2.0
495,TEN,JAX,2017-12-31,17,True,15.0,34.0,44.1,158.0,0.0,2.0,2.0,4.65,24.0,83.0,3,0.0,4.0
496,WSH,PHI,2017-09-10,1,True,26.0,39.0,66.7,307.0,2.0,1.0,2.0,7.87,24.0,58.0,2,0.0,1.0
497,WSH,LAR,2017-09-17,2,False,14.0,24.0,58.3,219.0,1.0,1.0,2.0,9.12,22.0,97.0,4,1.0,3.0
498,WSH,LV,2017-09-24,3,True,19.0,31.0,61.3,118.0,1.0,2.0,4.0,3.81,13.0,32.0,2,0.0,1.0
499,WSH,KC,2017-10-02,4,False,27.0,37.0,73.0,293.0,1.0,0.0,4.0,7.92,31.0,168.0,5,1.0,1.0
500,WSH,SF,2017-10-15,6,True,23.0,47.0,48.9,279.0,1.0,1.0,3.0,5.94,20.0,85.0,4,2.0,0.0
501,WSH,PHI,2017-10-23,7,False,17.0,25.0,68.0,268.0,4.0,1.0,3.0,10.72,33.0,127.0,4,0.0,2.0
502,WSH,DAL,2017-10-29,8,True,14.0,22.0,63.6,143.0,0.0,0.0,2.0,6.5,39.0,169.0,4,2.0,1.0
503,WSH,SEA,2017-11-05,9,False,24.0,45.0,53.3,297.0,2.0,2.0,2.0,6.6,28.0,148.0,5,0.0,1.0
504,WSH,MIN,2017-11-12,10,True,21.0,29.0,72.4,304.0,4.0,2.0,0.0,10.48,31.0,102.0,3,1.0,0.0
505,WSH,NO,2017-11-19,11,False,29.0,41.0,70.7,385.0,2.0,1.0,2.0,9.39,23.0,160.0,6,1.0,0.0
506,WSH,NYG,2017-11-23,12,True,13.0,27.0,48.1,113.0,0.0,1.0,4.0,4.19,24.0,84.0,3,0.0,1.0
507,WSH,DAL,2017-11-30,13,False,11.0,22.0,50.0,102.0,2.0,0.0,1.0,4.64,42.0,182.0,4,2.0,0.0
508,WSH,LAC,2017-12-10,14,False,19.0,34.0,55.9,322.0,2.0,1.0,2.0,9.47,35.0,174.0,5,1.0,0.0
509,WSH,ARI,2017-12-17,15,True,16.0,41.0,39.0,189.0,0.0,1.0,5.0,4.61,34.0,141.0,4,0.0,3.0
510,WSH,DEN,2017-12-24,16,True,22.0,38.0,57.9,193.0,0.0,1.0,4.0,5.08,29.0,159.0,5,1.0,3.0
511,WSH,NYG,2017-12-31,17,False,10.0,28.0,35.7,132.0,1.0,1.0,2.0,4.71,44.0,260.0,6,1.0,3.0
